Gene_name,Ubiquitination_site
Rag1,233
Zranb3,322
Psmd4,135;122;74;40;126;364
Psmd4,135;122;74;40;126;364
Fau,129
Oasl2,183
Prkaa2,379;60;470
Abi1,194;200;154
Arpc1a,179;235;290;87
Arpc1b,371;174
Tnk2,131;565
Ambra1,175
Gga1,198;183;174;101
Gga3,258;264;15
Amph,674;233;101;215
Bin1,146;35;53;258;272;282;73
Zfand2b,99;125
Zfand5,86
Anapc1,1709;1693;985;1066;310
Anapc2,562;206
Anapc4,328;468;332;147
Anapc5,223;509;47;274;388;209
Anapc7,146;259;433
Aup1,334;298;406;419;293;279;173;172
Abtb1,406;410;218
Abtb2,997
Ankfy1,858;931;851;636;279
Ankib1,146;674;1027;662;436
Asb2,114;586;613;573;99
Asb8,232
Ankrd13a,219;561;217;239;257;247;400
Ankrd13d,355;246;555;114
Ap1g2,584;573;145
Ppp1r13b,1070;288;1049
Asap1,232
Asap1,232
Atxn3,346;291;206;200
Wrnip1,503;628;631;296;656;622;220;596;281;477
Atg5,138
Atg16l1,529
Birc3,170
Xiap,168;31;19
Birc6,3944;4044;1652;2281;551;3162;2293;2300;2207;95
Birc6,3944;4044;1652;2281;551;3162;2293;2300;2207;95
Bag1,283
Bfar,93
Uimc1,105
Brap,508;441;494;380;384;579;78
Bcar1,706;697
Tnfaip1,21;168
Kctd10,172;148
Btbd1,58;394
Btbd9,292
Kctd3,511;427
Cadps2,930;289
Cd2ap,71;221;102;457;629;568
Mnat1,180
Cdc16,431;553;543
Chd4,1593;1078;1113;1898
Cirh1a,432
Copa,61;74;362;398;480;600;750;447;170;631;46;619;441;574;598;727;238;271;350;825;1184;993;1028
Copb2,871;608;822;328;318;212;627;783
Cops5,56
Cops6,99;240
Coro1b,463
Coro1c,471
Coro2a,255
Coro2b,123;221
Crkl,180
Cuedc1,309;206;320
Cuedc2,269;276;253
Cul1,769;410
Cul2,117;385;396;436;611;294;241;19;431
Cul3,373;692;259;316;286;766
Cul4a,371;369;422;104;496;454;465
Cul4b,315
Cul5,307;149;803;799;269
Cul7,897;822
Cul9,1454;574
Gak,135;90;1221
Dync1i1,263;591
Nck2,72
Dcun1d1,143;149;63;57;64
Dcun1d2,149
Dcaf11,414;375;110
Dcaf5,219
Dcaf6,291;710;816
Dcaf8,513;369;357;432;315;230;237;268
Dmxl1,901;3018;927;1126
Dmxl2,1882;2145;1709
Ddb1,491;1131;204;191;70;570;141;1121;383;1067;254;857;628;864;823;936;917
Dnajb2,34;59;47;26;301;309
Dnajc2,413
Dnmbp,721
Ranbp2,1898;379;396;225;2788;1962;335
Trim25,407;442;430;421;444;480;382;312;319;282;309;376;234;225;200
Amfr,600;573;586;353
Arih1,140;324;166;314;154
Arih2,376
Cbl,201
Dtx3l,736;473;340
Hectd1,2280;2285;2268;1919;2364;1371;1272;1768;1754;2565;2605;255
Hectd3,808;53;443;321;514
Herc2,3633
Herc2,17;62;750;2339;1494;1606;1619;4398;3690;2474;1678;654;662;3471;2323;991;2961;548;2182
Herc2,17;62;750;2339;1494;1606;1619;4398;3690;2474;1678;654;662;3471;2323;991;2961;548;2182
Huwe1,1733;3916;1917;2268;2704;3454;4138;3245;3358;2672;4299;1470;1107
Kcmf1,14
Ltn1,1363;1537;707
Mkrn1,351;113
Mgrn1,101;235;164
Mgrn1,101;235;164
Mib1,485;222;421;726;28;949;936
Nedd4,429;453;484;278;206;186;130;93;92;83
Nedd4l,53;491;568
Peli1,12
Pja1,351
Pja2,317
Rad18,318
Ring1,285
Rnf115,26;32
Rnf123,806;533;180;515;704;789;798;617;450;814;530;1004;906;33
Rnf123,806;533;180;515;704;789;798;617;450;814;530;1004;906;33
Rnf125,92;66;126
Rnf13,273;141
Rnf14,400;257;352;357
Rnf149,241;311
Rnf185,87;105;80
Rnf185,87;105;80
Rnf187,141
Rnf213,2905;2908;2308;1198;2089;2096;1295;2868;2407;2897;2489;2588;2838;3536;2391;2887;1284;2950;685;2132;3546;483;2837;1548;2423;2620;2979;4719;1108;4379;4283;4727;4919
Rnf216,350;464
Rnf216,350;464
Rnf25,361;374;398;377;353;331;119
Rnf5,75;68
Shprh,1553
Smurf2,345;615
Syvn1,257;605
Trim32,508;407;205;473;361
Trim37,411
Trim41,575;307
Trim56,405;374;270;87
Trim63,255;258;46;291
Ttc3,470
Ubr1,944;1711;1584;806
Ubr2,361;1187
Ubr4,1149;634;187;1573;4019
Ubr4,1149;634;187;1573;4019
Ubr5,1109;346;1351
Uhrf2,549
Ufl1,558;570;624
Eml1,751;495;512
Eml1,751;495;512
Eml3,578
Enc1,275
Elp2,461;248;99
Sh3gl2,76
Sh3gl1,102;76;239
Sh3gl3,82
Eps15,820;803;818;795;449;638;386;472;227
Eps15l1,600;849;827;846;836;602;692;699;630;544;532;490
Epn1,128;86;117;107;468;246;97;23;11
Epn1,128;86;117;107;468;246;97;23;11
Epn2,135;125;447;521;153;146;206
Epn2,188
Eif3f,242
Faf1,220;145;156;142;138
Faf2,167;400;367;329;307
Fbxo22,196
Fbxo3,153;119;218;97;68;390;337
Fbxo30,160;371
Fbxo31,215
Fbxo40,366;312;358;698
Fbxo7,394;297
Fbxl3,201
Fbxw11,179;374
Fbxw11,179;374
Fbxw5,240
Fbxw5,240
Tbl1xr1,102;277
Gabarap,13;24
Gtf3c1,1670;1123;724;218
Gtf3c2,693
Gtf2h2,40
Grb2,109;10
Gch1,45;36;84;151
Gnb1,23;15
Gnb2,65
Gnb2l1,172;175;106;12;271;183;130;257
Gnb4,23
Gnb5,74;96;180
Hltf,982
Hgs,86;93;221;146;126;520;550;472;512
Mysm1,666;76
Kmt2b,1698
Herpud1,89;103;128
Ivns1abp,193;197;477;369
Ibtk,930;461
Irf2bp1,314
Irf2bpl,437;79
Ifih1,983;950;477;523
Itsn1,475;607;574
Itsn2,584
Ift122,271;1034;753
Josd1,180;74
Ahi1,323;343;354;946
Katnb1,96
Kbtbd4,248
Klhl11,481;455;453
Klhl31,80;246
Klhl9,20
Kif21a,1060;749
Bag6,1074;1055;56;71;80;40
Llgl1,905
Llgl2,684;828
Lztr1,372
Lztr1,372
Lasp1,17;128;96;75
Lrba,942;2012;1681;1676;820;731;2198;2262;2270;726
Kdm2a,966
Kdm5b,832;1136;100
Kdm5d,147;82
Phf2,412
Map1lc3a,51
Map3k2,602
Bub3,216
Nwd1,711
Naca,2114;2080;2072
Wwp2,828
Nedd8,6;22;11;33;48;54
Nub1,449;370;314;168;183;311;328
Uba3,147;284;361;398;409;307;260;434
Nae1,363;378;456;9;312;317;206;240;338;341;187;253
Ube2m,8;3;36;72;75
Nbeal2,2063
Nbr1,173;110;181;703;329;275;427;465;406
Ikbkg,320;296;288
Nosip,153;289;172;157;78;190
Nostrin,190;328;88
Nle1,323
Nsfl1c,148;249;114;261;358;253;129;115;126;247;313;190
Nploc4,302;307;116;243;544;68;62;260
Nup37,114
Seh1l,12;96
Nod1,937
Optn,443;451
Otud1,300;275
Otud5,356;385;386
Otud6b,169
Otud7a,525
Pan2,499
Pard6b,188
Pam,922
Pwp1,300;481
Pwp2,233
Pex7,181
Ppara,196;204;449;425;429
Phrf1,810
Prex2,1024
Inppl1,332
Pik3r4,1292;97;300;850;89;75;309
Plaa,325;456;622;772;311;554;393
Pafah1b1,306;88;76;71;33;46;54
Plrg1,236;172
Ubc,708;695;82
Rps27a,63;29;33;48;6;11;27;107;113;152
Wdr33,46
Prpf19,244;251;266;122;261;64
Prpf8,1158;1993;1434;1831;1300;1735;1425;1443;1210;1392;1840;1344;2031;2034;702;267;278;746;428;366;218;1020;43
Ddx58,600;645;496
Ciao1,2
Herc4,835;959;488;493;469;34;606;237
Usp9x,1632;1370;1712;837;1627;1637;1453;1669;1798;1435;1045;1899;412;745;2288;303;315;2360;112;1811
Preb,272;188;142
Adrm1,379;21;34
Crbn,303
Ddi2,153;389;170;289;338;205;77;67;283
Dtx2,550
Dtx3,223
Ahctf1,969;1002
Fam188a,347;266;71
Fam63a,122
Fam63b,198;572;526;287;310
Fem1b,598
Arel1,477
Pacsin3,175;315;70
Pacsin1,411;120;250;51;319;70;99
Pacsin2,275;264;177;72
Pml,633;734;454;372
Rmnd5a,365;326
Sec13,175;181;87
Sec31a,722;502;509;646;487;470;111;728;706;206;435;791
Vprbp,818
Dhx57,1239;32;396
Dnajc6,63
Dnajc6,63
Rabgef1,303;85;103;170
Rbck1,158;252
Rictor,1390;1381
Rcbtb1,283
Rcbtb2,542;307;403
Upf1,788;683;277;381;785;924;633;462;434;582;259;781;373
Rptor,1008;108;43
Rbbp5,244
Arhgap10,460
Arhgap26,454
Arhgef7,55;384;794
Rhbdd3,268
Bop1,332
Rnf11,82
Rnf141,176;87;58;51;147
Rnf157,164
Rnf186,140
Rnf24,61
Rybp,136
Fus,350;358;341;309;327
Sqstm1,13;157;165;422;437;141;297;315;314
Mark1,298;784
Mark2,704
Ppp2r2a,124;167;191;329
Ppp2ca,41;21;29;8;74;136
Strap,73;131;122
Sharpin,312
Trpc4ap,575;287;281;293;321
Stam,276;171;185;162;154;133;136;353
Stam2,182;189;202;134;156;284
Sumo1,37
Sumo2,11;21;33;45
Sumo3,35
Sorbs2,803;1178;373
Sorbs2,803;1178;373
Snx9,179;425;511;207;528;267;223
Spg20,622;451;485;530;469;395;382;418;360;82;47
Spop,110
Sptan1,2457;2132;2052;2057;2451;2409;2093;2000;2431;73;63;514;824;718;803;441;814;633;1138;1187;1152;909;920;981;1834;1720;969;1288;1473;1419;1635;1369;990;1651;1022;1546;1057;1067;1082;1580
Skp1a,137;80;155;142;56;128
Sf3a1,417;447;465;80;529;223;188
Cttn,124;309;336
Stambp,107
Strn4,438
Strn3,173
Sae1,232;212;36;187;199
Ube2i,18
Stxbp5l,926
Sdcbp,186
Taf5l,481
Tom1,406;409;106
Tax1bp1,598;618;627;173;305;288;244;563
Tep1,1348
Aspscr1,370
Tom1l1,190;5;148
Tom1l2,101;106;145;236;447;469;462;400
Tecr,38;57;67;60;16;22;2;291
Tceb1,43
Nfx1,91
Tbl2,412;310;435;116
Tle3,845
Vcp,18;60;45;231;696;295;312;236;251;502;505;512;486;386;524;529;336;288;148;615;211;217;668;754;651;109;584;658;614
Ssr3,8;81
Tmub1,143;122
Tmub2,238;240;183;217;250
Tmem129,239
Trim2,509;591;239;261
Trim26,193
Trim3,565
Trim44,233;316;266;270
Trim46,550
Trim54,289;168;49;8
Trim58,165
Trim7,247;202
Trim72,178;462;398;137
Trio,2099;281
Trio,2099;281
Tbcb,103;106;153;129
Tdrd3,405
Tsg101,238;362;36;244
Dio1,229;47
Baz1b,1068;502
Lyn,20;9
Lyn,213;9
Lyn,213;9
Yes1,233;15;189
Utp18,325
Prpf4,145
Sart1,129
Snrnp40,271
Ubqln1,36;58;53;38
Ubqln2,41;58;43;66;79;31
Ubqln4,46
Usp10,402;696;671;445
Usp10,402;696;671;445
Usp11,56;194;799;794
Usp14,453;448;62;64;14;238;130;214;49;342;300;313;291
Usp19,1162;652;777;693;1178
Usp2,522
Usp2,522
Usp20,908
Usp22,137;166
Usp25,699;312;313;392;722;790;716;521;585;623;631;444;250;254;201;57;1011
Usp28,547;64;426
Usp3,145;423;135
Usp33,342;227;849;34
Usp4,232;836;769;730;186;376;695;810;588
Usp40,471;504
Usp46,269
Usp47,838;1275;879;782;304;287
Usp48,680
Usp48,680
Cyld,623;717
Cyld,623;717
Uchl1,4;15;135;78;71;19;123
Uchl3,136;74;121
Uchl5,206;45;234;277;154;158;282;315
Usp32,589;951
Usp13,638;324;326
Usp15,259;228;154;193;363;605;758
Usp16,292;278
Usp21,476
Usp24,149;2507;1859;1762;1625;2552;1126;1138;31;1354;419;1808;654;646;1182
Usp34,3157;2159;2025;2157
Usp5,813;353;423;476;720;574;575;468;585;586;379;391;318;357;360;406;418;770;558;499;20;163;291;184
Usp7,910;923;865;295;363;480;396;1137
Ube4b,1073;1053;1087;942;685;678;494
Ubtd2,53
Ubfd1,304;283;208;159;170;185;153
Ufd1l,45;250;139;68;264;267
Yod1,49;130;252
Otub1,188;201;109;71;84;59
Otub2,183
Ube2l6,64;146;73;139;16;9
Ubash3b,400
Ubap2l,249;373;364;884
Ube2a,66
Ube2d1,8
Ube2d2,8
Ube2d3,8;133;144
Ube2e1,43
Ube2g1,101;73
Ube2g2,153;156
Ube2h,52;60;64
Ube2k,165;164;72;61;24
Ube2l3,131;67;138;96;64;82;73
Ube2n,74;82;68;24;10;94;92
Ube2o,816;822;667;843;849;940;863;987;812;516;588;127;212
Ube2q1,46
Cdc34,11;63
Ube2r2,63
Ube2s,100
Ube2t,91
Gm20431,334;298;292
Ube2v2,85;66;72;108;129
Ube2z,168
Ufm1,75;25
Ufc1,33
Ublcp1,292;306;195;267
Uba1,299;802;806;882;838;843;657;671;443;296;627;635;304;322;528;526;746;374;465;851;593;604;185
Uba6,839;739;652;503;544;882;836
Atg7,419
Ubl3,22
Ubl5,46
Ubl7,106;71
Atg12,90
Isg15,6;141;148;106;35
Atg10,44
Atg3,24;131;11;208
Ube3a,64;111;346;354;853;855;154;499;226;135;124;452;466;584;583;105;381;733;742;860;901;895;361;404;755
Ube3b,624;429;753
Ube3c,638;63
Urm1,24
Ubxn1,154;96;105;137;208
Ubxn4,299;268;57;108;116
Ubxn6,160
Ubxn7,194;158;134;440;84;99
Ubxn8,110
Ufsp2,249;181
D17Wsu92e,205;218;24
Myo1e,772;760;914;554;613;160;196
Rad23a,36;80;122;16;47;53;62;26;78;8
Rad23b,45;51;36;67;76;24;60;6;14;151
Vps18,811;759
Vps41,772;761
Vps36,189;144
Wdfy3,730;957;2283;581
Wsb2,372
Wipi2,198;323
Wdr1,7;256;405;95;104;38;106;480;81
Wdr11,764;899;898;989
Wdr26,349;192;439;516
Wdr37,138;121
Wdr47,290;188;878;25
Wdr48,621;318;400;294;327
Wdr59,881
Wdr59,881
Wdr6,237;432;490
Wdr61,140;29;97;139
Wdr7,729;663;319;337;364
Wdr81,1209;1228;409;341;960
Wdr81,1209;1228;409;341;960
Wdr82,63;181;280;84
Wdr92,259
Mios,479;160;769
Zbtb20,618;590
Zbtb7a,158
Zbtb7b,454
Zmiz1,703
Trim27,471
Dpf2,108
Klhl41,583;471
Herc3,454
Otud7b,263;511;93
Nebl,774;872;458;460;811;364;2;143;44
Wdr72,449;371;885
Gm5239,29;33;48
Sorbs2,45
Nbeal1,1795;1808;2057;2073;2187
Herc1,4466;3835;3309;3353;2879;3458;2767
Neb,562;478;1316;1069;1432;649;657;2045;581;104;2133;353;2532;1560;1878;59;5236;2186;5600;6081;5385;5388;6097;6064;4860;5816;5818;2302;2292;2450;2265;4132;5950;3644;3474;6490;6481;6234;6312;6918;6927;7065;6944;7062;6529;7033;6967;6293;3094;2608;3517;1814
Wdfy4,910
Nup153,295;28;264;385;609;597
Kxd1,131;115
Klhl3,287;312
Klhl3,287;312
Tecr,52;45
Trim55,293;287;8;49;118;117;169;12
Sprtn,432;342
Ube4a,793;785;851
Trip12,1540;1321;1292;1071;1081;2010;1694;1701
Kbtbd7,589
Aamp,246
Zbtb45,457
Nebl,92
Wdfy1,36
Asb9,284
Asb9,284
Bin1,180;173
Rad23a,16
Uba7,808;769;473;223
Tfg,103;156;173;47;57
